Name,Sex,Age,TelNO,Address,Email
战比先,男,29,16696955494,唱提神区十受爱许化物带它古战女无落倒完名,6N_iRBxR@clVSo.net
名山写,女,64,70514548846,史研建七你定清表太队形法生帮跟总花不用体,iaAz5guf8I@VsPxW.cn
坚被里,女,55,27904480515,世雪在令树亲极吧农快屋总造而穿作根破打处,UYlGgmMRug@aXhv.org
意由空,男,44,71557060225,沙们上争民您土观使事是有夜谁观总读得钱围,K4n6SYDz_@YqLy.net
钱敌界,男,56,30113152140,更必花取确得越义社或呢是队时处每部个运会,90kr874Ou@C87NA.net
前或胜,男,33,34581887416,样回时度旁至半拉关系实呼怎脸少啦形全任乡,3T0tDhgw@JOv.com
内夜坐,男,58,14545663419,认啦自面形空拉导么兴完义一读听胜唱月嘴哪,GrP8144@X7cZ.org
们回那,男,52,04162095856,要敢非量万真看条感工多小观紧住队运夜未才,bqxiJr88w@1hF.cn
送儿场,男,24,51237104236,生先提思众级主产开心子么如的时还数传转流,eU9_M9@TNZhIP.org
九回给,女,81,62573173104,已社文己告古度了满机机行方但该讲沙写起海,m3hWgM0@DP8bXn.cn
听类记,男,28,84423539036,的先笑地社进志长停完知雪科题发沙前就原斗,KR0FcFyU@nl5N.com
雪忙别,女,26,55986017315,咱息停林表全唱马农城为照改来义爬林开山做,z3N3Wj@25S.com
我敢旧,女,33,26074613610,都八结飞身劳造题完而次为将马量开问读文便,5SNHettr@au0.org
似子渐,男,85,23395133746,明要两睛外分在急平必都叶是边争使赶结流眼,9hXH8T59YD@qByTN.org
问清接,男,73,66612336207,啊兴苦敌提南像才今分导轻里让行屋一细起席,ssD1xZRQ@4S73.cn
学好别,男,71,81440925263,自围呢争由法团的两友色许伟老带业跑跑谁声,Jgy9wT0nzTh@t7wR.net
上向块,女,65,96884721106,共压万九过全真让山眼百还系房我度什小叫望,aEPqfwDFbHM@Bl8v.com
只路好,女,71,90644426772,渐第找级色使跳科冲敌发和问帮自沙被车您来,nnrhySJ@gCoug.org
们第场,女,44,40343993762,白吃海它多种知教座自着对义未赶然友下旁利,AgvXDhIBZr6@ekop.net
山山人,男,85,27377264325,自想答唱等走行敢群太但光该听土似度行么取,lDUmiARVL@hjxz.cn
